Date,Job Title,URL,Status,Notes
2026-10-09 00:30:34,𝗙𝗼𝗹𝗹𝗼𝘄 𝗨𝘀 𝗼𝗻 𝗢𝘂𝗿 𝗦𝗼𝗰𝗶𝗮𝗹 𝗠𝗲𝗱𝗶𝗮 𝗛𝗮𝗻𝗱𝗹𝗲𝘀  𝗝𝗼𝗶𝗻 𝗢𝘂𝗿 𝗜𝗻,https://policies.google.com/privacy,Applied,Alerted to user (Direct apply)
2026-10-09 00:30:40,𝗙𝗼𝗹𝗹𝗼𝘄 𝗨𝘀 𝗼𝗻 𝗢𝘂𝗿 𝗦𝗼𝗰𝗶𝗮𝗹 𝗠𝗲𝗱𝗶𝗮 𝗛𝗮𝗻𝗱𝗹𝗲𝘀  𝗝𝗼𝗶𝗻 𝗢𝘂𝗿 𝗜𝗻,https://telegram.me/freshershunt,Applied,Alerted to user (Direct apply)
2026-10-09 00:30:49,"Hey 👨🏻‍🎓 👩🏻‍🎓 , 📌 Many students asking us *Free Ca",https://www.guvi.in/mlp/data-science-webinar-May-9,Applied,Alerted to user (Direct apply)
2026-10-09 00:30:54,#UIDAI  is inviting applications for 03 posts of S,https://uidai.gov.in/images/Technical_consultant_Advertisement.pdf,Skipped,Filtered: Dead/Expired ATS Opening
2026-10-09 00:31:01,🚀  Become a Certified Data Engineer with Learntube,https://academy.learntube.ai/CareerNinjaAcademy/Data%20Engineer/course-detail,Applied,Alerted to user (Direct apply)
2026-10-09 00:31:04,👨‍💻  Meta Off Campus 2026 Hiring for Freshers – AS,http://B.Tech/,Applied,Alerted to user (Direct apply)
2026-10-09 00:31:06,👨‍💻  Meta Off Campus 2026 Hiring for Freshers – AS,http://M.Tech/,Applied,Alerted to user (Direct apply)
2026-10-09 00:31:11,Today's Job Summary Verizon Off Campus Drive 2020 ,https://bit.ly/2Ee3rRJ,Applied,Alerted to user (Direct apply)
2026-10-09 00:31:19,MAQ Software Recruitment | MAQ Systems Engineer Jo,https://bit.ly/2EnB6Z6,Applied,Alerted to user (Direct apply)
2026-10-09 00:31:22,🚀 Permanent Remote Job Opportunity!! Sutherland Ma,https://www.jobs.sutherlandglobal.com/job-details/associate-sr-associate-refferal-in-insurance-jobs-1639268,Applied,Alerted to user (Direct apply)
2026-10-09 00:31:29,🚨  TCS NQT 2026 Registration Open Hiring Across In,https://www.tcsion.com/hub/national-qualifier-test/,Applied,Alerted to user (Direct apply)
2026-10-09 00:31:37,🟡   Datamark (Chennai )-  https://foundthejob.com/,https://foundthejob.com/datamark-bpo-service-walk-in-drive-chennai/,Applied,Alerted to user (Direct apply)
2026-10-09 00:31:43,🟡   Datamark (Chennai )-  https://foundthejob.com/,https://foundthejob.com/electronics-mart-india-walk-in-drive-hyderabad/,Applied,Alerted to user (Direct apply)
2026-10-09 00:31:46,🔴 Amazon is Hiring (Work From Home - Remote)  ▪️ P,https://www.google.com/sorry/index?continue=https%3A%2F%2Fwww.jobsgovind.com%2F2026%2F08%2Famazon-hiring-data-associates.html&q=EgSsuNGjGPDroNYGIi07GQpLr5qT0gFVNb8ODGEf9pH2uP36WVqElQR_yg503ppAb36PPlr_zfAawz4yAnJSWgFD,Applied,Alerted to user (Direct apply)
2026-10-09 00:31:52,#ad 🔥  LAST CALL – Only 11 Seats Left! 🎓  Become a,https://academy.learntube.ai/CareerNinjaAcademy/Complete%20Data%20Analytics/course-detail,Applied,Alerted to user (Direct apply)
2026-10-09 00:31:54,"WWS Recruitment 2026 – Junior Software Developer, ",https://offcampusjobs4u.com/wws-recruitment-2026-junior-software-developer-vellore-react-node-js/,Applied,Alerted to user (Direct apply)
2026-10-09 00:31:58,"WWS Recruitment 2026 – Junior Software Developer, ",https://telegram.me/offcampusjobs4u,Applied,Alerted to user (Direct apply)
2026-10-09 00:32:06,IBM Internship 2026 – Details: Job Role:  Research,https://careers.ibm.com/en_US/careers/JobDetail?jobId=132016,Applied,Alerted to user (Direct apply)
2026-10-09 00:32:15,Jio Internship 2026 – Details: Job Role:  Summer T,https://careers.jio.com/frmjobdescription.aspx?JBTITLE=DiLXHUJI6Dg%2FPQ3ssi+vtw%3D%3D&jbID=DcXUxszx9HeEmFv+Vm9yzw%3D%3D&funcCode=ni4dknKJ6TY%3D,Applied,Alerted to user (Direct apply)
