id,title,company,city,state,category,employment_type,experience,is_fresher,qualification,skills,salary,deadline,posted_at,expires_at,apply_url,source,source_type,scraped_at,verified,verify_reason,http_status,verified_at
27489967bceb,Full Stack Developer-Angular,UST,Chennai,Tamil Nadu,Software,,5+ years,false,B.E / B.Tech,Angular; Full Stack,,,2026-10-08,,https://in.linkedin.com/jobs/view/full-stack-developer-angular-at-ust-4457234516,linkedin.com,job_portal,2026-10-08T19:24:39.469Z,true,live,200,2026-10-08T19:25:39.973Z
f29dede13f63,Lead Software Engineer - Systems,Freshworks,Chennai,Tamil Nadu,Software,Full-time,Mid-Senior Level,false,Any Graduate,AWS; Full Stack; AI / Machine Learning; Cloud Computing; Backend,INR 0 - INR 0,,2026-10-08,,https://jobs.smartrecruiters.com/Freshworks/744000154405299,freshworks.com,company,2026-10-08T19:23:08.998Z,true,live,200,2026-10-08T19:24:39.540Z
0b873c454586,Senior Developer,IDFC FIRST Bank,Chennai,Tamil Nadu,Software,,1 months,false,B.E / B.Tech,.NET; Python; SQL; AWS; PHP; Full Stack; AI / Machine Learning; Data Analysis,1 month,,2026-10-08,,https://in.linkedin.com/jobs/view/senior-developer-at-idfc-first-bank-4448561376,linkedin.com,job_portal,2026-10-08T19:24:39.469Z,true,live,200,2026-10-08T19:25:52.255Z
3912324ab727,Sr Python Developer,TransUnion,Chennai,Tamil Nadu,Software,,6+ years,false,B.E / B.Tech,Python,,,2026-10-08,,https://in.linkedin.com/jobs/view/sr-python-developer-at-transunion-4477148052,linkedin.com,job_portal,2026-10-08T19:24:39.469Z,true,live,200,2026-10-08T19:25:55.323Z
b15bf1a69372,Staff Engineer - Full Stack,Freshworks,Chennai,Tamil Nadu,Software,Full-time,Mid-Senior Level,false,B.E / B.Tech,Full Stack,INR 0 - INR 0,,2026-10-08,,https://jobs.smartrecruiters.com/Freshworks/744000154351019,freshworks.com,company,2026-10-08T19:23:08.998Z,true,live,200,2026-10-08T19:24:42.325Z
89eecf6014a9,"TOS Navis N4 Groovy, US Accounts and Freshers",Easy Outdesk,Puducherry,Puducherry,Accounting & Finance,,Fresher,true,B.E / B.Tech,Accounting,1 month,,2026-10-08,,https://in.linkedin.com/jobs/view/tos-navis-n4-groovy-us-accounts-and-freshers-at-easy-outdesk-4475771948,linkedin.com,job_portal,2026-10-08T19:24:37.040Z,true,live,200,2026-10-08T19:25:25.941Z
b5f56ec1a6b0,Voluntee,Abu Dhabi & Dubai properties,Vellore,Tamil Nadu,Other,,2+ years,false,B.E / B.Tech,Testing / QA; Data Entry,,,2026-10-08,,https://in.linkedin.com/jobs/view/voluntee-at-abu-dhabi-dubai-properties-4474436923,linkedin.com,job_portal,2026-10-08T19:24:33.652Z,true,live,200,2026-10-08T19:24:58.566Z
17a10443ad9d,L1 – Junior Software Developer ( THE BUILDER ),Wonder Worth Solutions,Vellore,Tamil Nadu,Software,,Fresher,true,Diploma,.NET; Java; JavaScript; React; Node.js; Testing / QA; Frontend; Backend,rs 2026-Pa,,2026-10-07,,https://in.linkedin.com/jobs/view/l1-%E2%80%93-junior-software-developer-the-builder-at-wonder-worth-solutions-4476769047,linkedin.com,job_portal,2026-10-08T19:24:33.651Z,true,live,200,2026-10-08T19:24:46.268Z
d929637ab434,L4 – Team Lead – Software Developer – (THE BUILDER),Wonder Worth Solutions,Vellore,Tamil Nadu,Software,,3+ years,false,Any Graduate,Java; JavaScript; React; Node.js; SQL; REST API; Full Stack; Testing / QA,1 month,,2026-10-07,,https://in.linkedin.com/jobs/view/l4-%E2%80%93-team-lead-%E2%80%93-software-developer-%E2%80%93-the-builder-at-wonder-worth-solutions-4476758587,linkedin.com,job_portal,2026-10-08T19:24:33.651Z,true,live,200,2026-10-08T19:24:48.400Z
fa269ee67f34,Lead - Workplace Management (Travel & Transport Operations),Freshworks,Chennai,Tamil Nadu,Other,Full-time,Mid-Senior Level,false,,Full Stack; AI / Machine Learning; Testing / QA; Data Analysis; Excel; Sales,INR 0 - INR 0,,2026-10-07,,https://jobs.smartrecruiters.com/Freshworks/744000154016769,freshworks.com,company,2026-10-08T19:23:08.998Z,true,live,200,2026-10-08T19:24:44.941Z
7a259a4ed272,Senior .NET Developer,TVS Next,Chennai,Tamil Nadu,Software,,7+ years,false,B.E / B.Tech,.NET; JavaScript; SQL; Azure; HTML/CSS; AI / Machine Learning; Cloud Computing,1 month,,2026-10-07,,https://in.linkedin.com/jobs/view/senior-net-developer-at-tvs-next-4475422913,linkedin.com,job_portal,2026-10-08T19:24:39.469Z,true,live,200,2026-10-08T19:25:49.352Z
96862f2df46a,Intermediate Software Engineer – Java Full Stack,Citi,Chennai,Tamil Nadu,Software,,4+ years,false,Any Graduate,Java; Full Stack,"₹700,000 - ₹3,000,000",,2026-10-05,,https://in.linkedin.com/jobs/view/intermediate-software-engineer-%E2%80%93-java-full-stack-at-citi-4474624831,linkedin.com,job_portal,2026-10-08T19:24:39.469Z,true,live,200,2026-10-08T19:25:58.262Z
52785c65bfd3,SAP CPI Principal Architect,NTT DATA North America,Puducherry,Tamil Nadu,Other,,10+ years,false,B.E / B.Tech,REST API; AI / Machine Learning; Testing / QA; Cloud Computing,1 month,,2026-10-05,,https://in.linkedin.com/jobs/view/sap-cpi-principal-architect-at-ntt-data-north-america-4411617572,linkedin.com,job_portal,2026-10-08T19:24:37.040Z,true,live,200,2026-10-08T19:25:23.603Z
43903183e1a1,Sr Java Developer – Contract Role,Heurova Technologies,Tiruvannamalai,Tamil Nadu,Software,Contract,7+ years,false,B.E / B.Tech,Java,₹1.1,,2026-10-05,,https://in.linkedin.com/jobs/view/sr-java-developer-%E2%80%93-contract-role-4474237844,linkedin.com,job_portal,2026-10-08T19:24:33.652Z,true,live,200,2026-10-08T19:25:01.602Z
ef54a8628ea2,Principal Engineer - Machine Learning,Freshworks,Chennai,Tamil Nadu,Other,Full-time,Director,false,,AI / Machine Learning,,,2026-10-01,,https://jobs.smartrecruiters.com/Freshworks/744000152895704,freshworks.com,company,2026-10-08T19:23:08.998Z,true,live,200,2026-10-08T19:24:47.248Z
9495340530fd,Lead - Business Analyst (Marketing Analytics),Freshworks,Chennai,Tamil Nadu,Data & Analytics,Full-time,Mid-Senior Level,false,B.E / B.Tech,Data Analysis,INR 0 - INR 0,,2026-09-28,,https://jobs.smartrecruiters.com/Freshworks/744000152076124,freshworks.com,company,2026-10-08T19:23:08.998Z,true,live,200,2026-10-08T19:24:49.582Z
7c4216c30c0d,Fullstack Java With Angular-Software Engineer II,Deloitte,Chennai,Tamil Nadu,Software,,4-7 years,false,B.E / B.Tech,Java; Angular; Full Stack,,,2026-09-23,,https://in.linkedin.com/jobs/view/fullstack-java-with-angular-software-engineer-ii-at-deloitte-4424676269,linkedin.com,job_portal,2026-10-08T19:24:39.469Z,true,live,200,2026-10-08T19:25:42.853Z
ab34789b8cea,Senior Staff Engineer - Systems,Freshworks,Chennai,Tamil Nadu,Other,Full-time,Mid-Senior Level,false,Any Graduate,Java; Python; Spring Boot; REST API; AI / Machine Learning; Testing / QA; Cloud Computing; Backend,,,2026-09-22,,https://jobs.smartrecruiters.com/Freshworks/744000150937764,freshworks.com,company,2026-10-08T19:23:08.998Z,true,live,200,2026-10-08T19:24:52.950Z
15baf462bc2a,Lead Software Engineer - Full Stack,Freshworks,Chennai,Tamil Nadu,Software,Full-time,Mid-Senior Level,false,B.E / B.Tech,Full Stack,INR 0 - INR 0,,2026-09-21,,https://jobs.smartrecruiters.com/Freshworks/744000150608630,freshworks.com,company,2026-10-08T19:23:08.998Z,true,live,200,2026-10-08T19:24:55.305Z
4bd683763995,Senior Node.js Develpoer,BigThinkCode,Puducherry,Puducherry,Other,,3-4 years,false,B.E / B.Tech,JavaScript; Node.js,"₹500,000.00/yr",,2026-09-18,,https://in.linkedin.com/jobs/view/senior-node-js-develpoer-at-bigthinkcode-4466908401,linkedin.com,job_portal,2026-10-08T19:24:37.039Z,true,live,200,2026-10-08T19:25:10.524Z
7f548ca7e6d3,Principal - Solution Engineering,Freshworks,Chennai,Tamil Nadu,Other,Full-time,Mid-Senior Level,false,B.E / B.Tech,Full Stack; AI / Machine Learning; Sales,INR 0 - INR 0,,2026-09-17,,https://jobs.smartrecruiters.com/Freshworks/744000150068499,freshworks.com,company,2026-10-08T19:23:08.998Z,true,live,200,2026-10-08T19:24:57.626Z
382d9bb67a77,Lead - Product Marketing,Freshworks,Chennai,Tamil Nadu,Sales & Marketing,Full-time,Mid-Senior Level,false,MBA,AI / Machine Learning; Data Analysis; Sales,,,2026-09-07,,https://jobs.smartrecruiters.com/Freshworks/744000147910359,freshworks.com,company,2026-10-08T19:23:08.998Z,true,live,200,2026-10-08T19:25:00.398Z
4456d77ceedd,"Senior Director, Engineering - AI Studio (CX & EX)",Freshworks,Chennai,Tamil Nadu,Other,Full-time,Director,false,Any Graduate,AI / Machine Learning,,,2026-09-03,,https://jobs.smartrecruiters.com/Freshworks/744000147296104,freshworks.com,company,2026-10-08T19:23:08.999Z,true,live,200,2026-10-08T19:25:02.877Z
d6e7a201a25f,Full Stack Developer,BHS-Sonthofen GmbH,Vellore,Tamil Nadu,Software,,Fresher,true,,Full Stack,1 month,,2026-08-31,,https://in.linkedin.com/jobs/view/full-stack-developer-at-bhs-sonthofen-gmbh-4461048899,linkedin.com,job_portal,2026-10-08T19:24:33.652Z,true,live,200,2026-10-08T19:24:50.487Z
9d6410a76096,Lead - Solution Engineer,Freshworks,Chennai,Tamil Nadu,Other,Full-time,Mid-Senior Level,false,B.E / B.Tech,AWS; Azure; AI / Machine Learning; Cloud Computing; Sales,INR 0 - INR 0,,2026-08-26,,https://jobs.smartrecruiters.com/Freshworks/744000145700849,freshworks.com,company,2026-10-08T19:23:08.999Z,true,live,200,2026-10-08T19:25:05.077Z
69c7d889fd31,Lead - Solution Engineer,Freshworks,Chennai,Tamil Nadu,Other,Full-time,Mid-Senior Level,false,B.E / B.Tech,AI / Machine Learning; Cloud Computing; Sales,INR 0 - INR 0,,2026-08-25,,https://jobs.smartrecruiters.com/Freshworks/744000145469389,freshworks.com,company,2026-10-08T19:23:08.999Z,true,live,200,2026-10-08T19:25:07.514Z
d5814d7639fd,Senior Analyst - Cybersecurity,Freshworks,Chennai,Tamil Nadu,Data & Analytics,Full-time,Associate,false,B.E / B.Tech,AWS; Full Stack; AI / Machine Learning; Cloud Computing; Sales,INR 0 - INR 0,,2026-08-21,,https://jobs.smartrecruiters.com/Freshworks/744000144728625,freshworks.com,company,2026-10-08T19:23:08.999Z,true,live,200,2026-10-08T19:25:09.894Z
9e0e8936fc19,Deal Desk Strategist,Freshworks,Chennai,Tamil Nadu,Other,Full-time,Mid-Senior Level,false,,AI / Machine Learning; Accounting; Sales,INR 0 - INR 0,,2026-08-20,,https://jobs.smartrecruiters.com/Freshworks/744000144466115,freshworks.com,company,2026-10-08T19:23:08.999Z,true,live,200,2026-10-08T19:25:12.926Z
0cb6f77b801d,Associate Database Engineer,Mydbops,Puducherry,Puducherry,Other,,Fresher,true,,JavaScript; Node.js; SQL; MongoDB; Testing / QA; Cloud Computing; Accounting,"₹500,000 - ₹1,300,000",,2026-08-17,,https://in.linkedin.com/jobs/view/associate-database-engineer-at-mydbops-4454260797,linkedin.com,job_portal,2026-10-08T19:24:37.040Z,true,live,200,2026-10-08T19:25:29.310Z
e7c8c1b3b068,Lead - Data Platform Engineering,Freshworks,Chennai,Tamil Nadu,Other,Full-time,Mid-Senior Level,false,Any Graduate,Java; Python; SQL; AWS; Azure; Full Stack; AI / Machine Learning; Data Analysis,INR 0 - INR 0,,2026-08-17,,https://jobs.smartrecruiters.com/Freshworks/744000143743519,freshworks.com,company,2026-10-08T19:23:08.999Z,true,live,200,2026-10-08T19:25:15.837Z
dfa365a76894,"Territory Sales Manager, Reflectives - Tamil Nadu & Kerala",Avery Dennison,Chennai,Tamil Nadu,Sales & Marketing,Full-time,Mid-Senior Level,false,B.E / B.Tech,Sales,,,2026-08-17,,https://jobs.smartrecruiters.com/AveryDennison/744000143741489,averydennison.com,company,2026-10-08T19:23:14.881Z,true,live,200,2026-10-08T19:26:20.039Z
f93ff7ee14aa,Solution Architect,Freshworks,Chennai,Tamil Nadu,Other,Full-time,Mid-Senior Level,false,B.E / B.Tech,JavaScript; REST API; Full Stack; AI / Machine Learning; Cloud Computing; Accounting; Sales; Customer Support,INR 0 - INR 0,,2026-08-11,,https://jobs.smartrecruiters.com/Freshworks/744000142843669,freshworks.com,company,2026-10-08T19:23:08.999Z,true,live,200,2026-10-08T19:25:18.086Z
4c197cb5ea8c,Interesting Job Opportunity: QX Impact - Lead Data Analyst,QX Impact,Vellore,Tamil Nadu,Data & Analytics,,10+ years,false,B.E / B.Tech,Data Analysis,1 month,,2026-08-06,,https://in.linkedin.com/jobs/view/interesting-job-opportunity-qx-impact-lead-data-analyst-at-qx-impact-4449963022,linkedin.com,job_portal,2026-10-08T19:24:33.652Z,true,live,200,2026-10-08T19:25:03.672Z
6f45c11c656f,Lead - Business Systems Services,Freshworks,Chennai,Tamil Nadu,Other,Full-time,Mid-Senior Level,false,Any Graduate,REST API; AI / Machine Learning; Cloud Computing; Customer Support,INR 0 - INR 0,,2026-08-06,,https://jobs.smartrecruiters.com/Freshworks/744000141842029,freshworks.com,company,2026-10-08T19:23:08.999Z,true,live,200,2026-10-08T19:25:20.363Z
80e98d0c648c,Senior Analyst - Cybersecurity Risk & Compliance,Freshworks,Chennai,Tamil Nadu,Data & Analytics,Full-time,Associate,false,,AWS; Docker; Full Stack; AI / Machine Learning; Cloud Computing,INR 0 - INR 0,,2026-07-31,,https://jobs.smartrecruiters.com/Freshworks/744000140882260,freshworks.com,company,2026-10-08T19:23:08.999Z,true,live,200,2026-10-08T19:25:22.608Z
4ca0efbc03ab,Integrations Engineer,DrDoctor,Puducherry,Puducherry,Other,,Fresher,true,B.E / B.Tech,JavaScript; SQL; Azure; REST API; AI / Machine Learning; Testing / QA; Cloud Computing; Accounting,1 month,,2026-07-29,,https://in.linkedin.com/jobs/view/integrations-engineer-at-drdoctor-4444153802,linkedin.com,job_portal,2026-10-08T19:24:37.039Z,true,live,200,2026-10-08T19:25:18.234Z
c6c339a1012a,Salesforce Developer,SuccessMetrics Corp,Puducherry,Puducherry,Software,,4+ years,false,,JavaScript; Git; REST API; Cloud Computing; Sales,1 month,,2026-07-20,,https://in.linkedin.com/jobs/view/salesforce-developer-at-successmetrics-corp-4442574293,linkedin.com,job_portal,2026-10-08T19:24:37.039Z,true,live,200,2026-10-08T19:25:13.962Z
9affa411fcfd,Senior Salesforce Developer,SuccessMetrics Corp,Puducherry,Puducherry,Software,,Fresher,true,,JavaScript; Node.js; Git; REST API; Testing / QA; Cloud Computing; Sales; Digital Marketing,"₹500,000 - ₹1,300,000",,2026-07-20,,https://in.linkedin.com/jobs/view/senior-salesforce-developer-at-successmetrics-corp-4442558941,linkedin.com,job_portal,2026-10-08T19:24:37.039Z,true,live,200,2026-10-08T19:25:16.058Z
4a69ce214b51,.Net Senior Software Engineer,Viasat,Chennai,Tamil Nadu,Software,,35+ years,false,B.E / B.Tech,.NET; Java; Python; AWS; Azure; Git; Full Stack; Testing / QA,1 month,,2026-07-07,,https://in.linkedin.com/jobs/view/net-senior-software-engineer-at-viasat-4435837027,linkedin.com,job_portal,2026-10-08T19:24:39.469Z,true,live,200,2026-10-08T19:25:46.334Z
bb68ba7ed3b8,"Territory Sales Manager -Performance Tapes, South India",Avery Dennison,Chennai,Tamil Nadu,Sales & Marketing,Full-time,Mid-Senior Level,false,B.E / B.Tech,Sales,,,2026-06-27,,https://jobs.smartrecruiters.com/AveryDennison/744000134598259,averydennison.com,company,2026-10-08T19:23:14.881Z,true,live,200,2026-10-08T19:26:22.660Z
99f5ba1e9efb,Associate Data Engineer Position filled,Irastrive Technologies Private Limited,Vellore,Tamil Nadu,Software,,Fresher,true,,Python; SQL; AWS; Azure; Data Analysis; Cloud Computing,,,2026-05-18,,https://in.linkedin.com/jobs/view/associate-data-engineer-position-filled-at-irastrive-technologies-private-limited-4416217228,linkedin.com,job_portal,2026-10-08T19:24:33.652Z,true,live,200,2026-10-08T19:24:52.597Z
fecac28f624f,Sr. Software Engineer (Python),BigThinkCode,Chennai,Tamil Nadu,Software,,2-5 years,false,,Python,,,2025-11-29,,https://in.linkedin.com/jobs/view/sr-software-engineer-python-at-bigthinkcode-4339895870,linkedin.com,job_portal,2026-10-08T19:24:39.469Z,true,live,200,2026-10-08T19:25:36.168Z
6075df04a904,Accountant,Krish Electro Technologies Private Limited,Chennai,Tamil Nadu,Accounting & Finance,Full-time,2+ years,true,B.E / B.Tech,Accounting,INR 25000 - 40000 per month,,,,https://apna.co/job/chennai/accountant-566864608,apna.co,job_portal,2026-10-08T19:24:23.774Z,true,live,200,2026-10-08T19:27:25.648Z
c58df1d1b603,Accountant/ Accounts Executive,Synmac Consultants Private Limited,Chennai,Tamil Nadu,Accounting & Finance,Full-time,Fresher,true,B.E / B.Tech,Accounting,INR 10000 - 50000 per month,,,,https://apna.co/job/chennai-region/accountant-accounts-executive-653552056,apna.co,job_portal,2026-10-08T19:24:12.992Z,true,live,200,2026-10-08T19:25:07.485Z
0104c123b7c6,Assistant Manager Finance,Agustya Automobiles Pvt. Ltd.,Puducherry,Tamil Nadu,Accounting & Finance,Full-time,5+ years,true,B.E / B.Tech,Testing / QA; Data Analysis; Excel; Tally; Accounting; GST; Sales; Digital Marketing,INR 45000 - 55000 per month,,,,https://apna.co/job/bengaluru-bangalore-region/assistant-manager-finance-418902134,apna.co,job_portal,2026-10-08T19:24:12.992Z,true,live,200,2026-10-08T19:25:04.187Z
79598a71ffc2,AutoCAD Draughtsman,Armor Ventures LLP,Chennai,Tamil Nadu,Other,Full-time,5+ years,true,B.E / B.Tech,AutoCAD,INR 30000 - 40000 per month,,,,https://apna.co/job/chennai/autocad-draughtsman-610512742,apna.co,job_portal,2026-10-08T19:24:23.774Z,true,live,200,2026-10-08T19:27:31.871Z
2168352de537,Civil Engineer,Nova Spaces,Puducherry,Tamil Nadu,Engineering & Manufacturing,Full-time,5+ years,true,B.E / B.Tech,AI / Machine Learning; Testing / QA; Data Analysis; Accounting; Sales; Digital Marketing; Customer Support; Teaching,INR 30000 - 50000 per month,,,,https://apna.co/job/bengaluru-bangalore-region/civil-engineer-267419830,apna.co,job_portal,2026-10-08T19:24:12.993Z,true,live,200,2026-10-08T19:25:14.217Z
058f60b1c793,Credit Manager,Muthoot Pappachan Chits (India) Private Limited,Chennai,Tamil Nadu,Other,Full-time,5+ years,true,B.E / B.Tech,AI / Machine Learning; Testing / QA; Data Analysis; Accounting; Sales; Digital Marketing; Customer Support; Teaching,INR 35000 - 45000 per month,,,,https://apna.co/job/chennai/credit-manager-110719996,apna.co,job_portal,2026-10-08T19:24:23.774Z,true,live,200,2026-10-08T19:27:10.612Z
2a98724e5089,Customer Relationship Officer-Outbound Voice Process (Female Applicants Only),R S Credit Mantra Private Limited,Chennai,Tamil Nadu,Sales & Marketing,Full-time,6 months,true,B.E / B.Tech,AI / Machine Learning; Testing / QA; Data Analysis; Accounting; Sales; Digital Marketing; Nursing; Customer Support,INR 15000 - 40000 per month,,,,https://apna.co/job/chennai/customer-relationship-officer-outbound-voice-proce-11778496,apna.co,job_portal,2026-10-08T19:24:23.774Z,true,live,200,2026-10-08T19:27:19.565Z
eff4c6435334,Finance Controller,Altilium Energie,Puducherry,Tamil Nadu,Accounting & Finance,Full-time,5+ years,true,B.E / B.Tech,AI / Machine Learning; Testing / QA; Data Analysis; Excel; Tally; Accounting; GST; Sales,INR 75000 - 120000 per month,,,,https://apna.co/job/bengaluru-bangalore-region/finance-controller-596163932,apna.co,job_portal,2026-10-08T19:24:12.991Z,true,live,200,2026-10-08T19:24:39.540Z
267402a7966a,Financial Advisor,Life Insurance Corporation Of India,Chennai,Tamil Nadu,Other,Part-time,Fresher,true,B.E / B.Tech,AI / Machine Learning; Testing / QA; Data Analysis; Accounting; Sales; Digital Marketing; Customer Support; Teaching,INR 10000 - 50000 per month,,,,https://apna.co/job/chennai-region/financial-advisor-823883914,apna.co,job_portal,2026-10-08T19:24:12.993Z,true,live,200,2026-10-08T19:25:19.804Z
4a7c9aabc94c,Financial Consultant,Kotak Life Insurance,Chennai,Tamil Nadu,Other,Part-time,Fresher,true,B.E / B.Tech,AI / Machine Learning; Testing / QA; Data Analysis; Accounting; Sales; Digital Marketing; Customer Support; Teaching,INR 25000 - 50000 per month,,,,https://apna.co/job/chennai-region/financial-consultant-240559282,apna.co,job_portal,2026-10-08T19:24:12.992Z,true,live,200,2026-10-08T19:25:10.701Z
71b728a5527e,Insurance Sales Manager,Supro Info Solutions Private Limited,Chennai,Tamil Nadu,Sales & Marketing,Full-time,5+ years,true,B.E / B.Tech,Sales,INR 40000 - 45000 per month,,,,https://apna.co/job/chennai/insurance-sales-manager-288563320,apna.co,job_portal,2026-10-08T19:24:23.774Z,true,live,200,2026-10-08T19:27:16.601Z
2b998cf9f9ac,Relationship Manager,IndusInd Nippon Life Insurance (Reliance Nippon),Chennai,Tamil Nadu,Sales & Marketing,Full-time,6 months,true,B.E / B.Tech,AI / Machine Learning; Testing / QA; Data Analysis; Accounting; Sales; Digital Marketing; Customer Support; Teaching,INR 22000 - 60000 per month,,,,https://apna.co/job/chennai-region/relationship-manager-853373146,apna.co,job_portal,2026-10-08T19:24:12.992Z,true,live,200,2026-10-08T19:24:55.414Z
979d1adcf04c,Relationship Manager,Hiranandani Financial Services Private Limited,Chennai,Tamil Nadu,Sales & Marketing,Full-time,Fresher,true,B.E / B.Tech,AI / Machine Learning; Testing / QA; Data Analysis; Accounting; Sales; Digital Marketing; Customer Support; Teaching,INR 22000 - 40000 per month,,,,https://apna.co/job/chennai/relationship-manager-800970075,apna.co,job_portal,2026-10-08T19:24:23.774Z,true,live,200,2026-10-08T19:27:28.893Z
da1dcd55305d,Sales Engineer,Eleczo India Pvt Ltd,Puducherry,Tamil Nadu,Sales & Marketing,Full-time,Fresher,true,B.E / B.Tech,Sales,INR 25000 - 50000 per month,,,,https://apna.co/job/bengaluru-bangalore-region/sales-engineer-284890346,apna.co,job_portal,2026-10-08T19:24:12.993Z,true,live,200,2026-10-08T19:25:17.006Z
88f4cff7564e,Sales Executives,Zoho Corporation,Chennai,Tamil Nadu,Sales & Marketing,Full-time,,false,B.E / B.Tech,Sales,,,,,https://careers.zohocorp.com/jobs/Careers/193779000024446028/Sales-Executives?source=CareerSite,zohocorp.com,company,2026-10-08T19:22:32.929Z,true,live,200,2026-10-08T19:24:43.110Z
4194c259d193,Sales Manager (Agency Channel) – Life Insurance,Trinity Skill Works,Chennai,Tamil Nadu,Sales & Marketing,Full-time,Fresher,true,B.E / B.Tech,Sales,INR 19000 - 45000 per month,,,,https://apna.co/job/chennai/sales-manager-agency-channel-life-insurance-202295748,apna.co,job_portal,2026-10-08T19:24:23.774Z,true,live,200,2026-10-08T19:27:13.940Z
f05453236ce6,Senior Relationship Manager,Kotak Mahindra General Insurance Company Limited,Chennai,Tamil Nadu,Sales & Marketing,Part-time,Fresher,true,B.E / B.Tech,AI / Machine Learning; Testing / QA; Data Analysis; Accounting; Sales; Digital Marketing; Customer Support; Teaching,INR 35000 - 65000 per month,,,,https://apna.co/job/chennai-region/senior-relationship-manager-705050342,apna.co,job_portal,2026-10-08T19:24:12.991Z,true,live,200,2026-10-08T19:24:45.644Z
f62cdd58afd7,Senior Relationship Manager,Merloam Estates,Chennai,Tamil Nadu,Sales & Marketing,Full-time,Fresher,true,B.E / B.Tech,AI / Machine Learning; Testing / QA; Data Analysis; Accounting; Sales; Digital Marketing; Customer Support; Teaching,INR 30000 - 60000 per month,,,,https://apna.co/job/chennai-region/senior-relationship-manager-814037803,apna.co,job_portal,2026-10-08T19:24:12.992Z,true,live,200,2026-10-08T19:24:52.252Z
a2e11bbbeee7,Senior Relationship Officer,Sbi Life Insurance Company Limited,Chennai,Tamil Nadu,Other,Full-time,Fresher,true,B.E / B.Tech,AI / Machine Learning; Testing / QA; Data Analysis; Accounting; Sales; Digital Marketing; Customer Support; Teaching,INR 25000 - 65000 per month,,,,https://apna.co/job/chennai-region/senior-relationship-officer-712012667,apna.co,job_portal,2026-10-08T19:24:12.992Z,true,live,200,2026-10-08T19:24:48.716Z
f4bd4653cfd8,Team Leader,Zorell Appliances,Chennai,Tamil Nadu,Other,Full-time,Fresher,true,B.E / B.Tech,AI / Machine Learning; Testing / QA; Data Analysis; Accounting; Sales; Digital Marketing; Customer Support; Teaching,INR 30000 - 70000 per month,,,,https://apna.co/job/chennai-region/team-leader-911740019,apna.co,job_portal,2026-10-08T19:24:12.991Z,true,live,200,2026-10-08T19:24:42.608Z
3373cb5e862b,Team Leader (Personal Loans) -Telesales(Female Candidates Only),R S Credit Mantra Private Limited,Chennai,Tamil Nadu,Sales & Marketing,Full-time,3+ years,true,B.E / B.Tech,AI / Machine Learning; Testing / QA; Data Analysis; Accounting; Sales; Digital Marketing; Nursing; Customer Support,INR 25000 - 40000 per month,,,,https://apna.co/job/chennai/team-leader-personal-loans-telesales-female-candid-665520165,apna.co,job_portal,2026-10-08T19:24:23.774Z,true,live,200,2026-10-08T19:27:22.855Z
e2e7dca3aa5f,Two Wheeler Riders,Big Basket,Puducherry,Tamil Nadu,Other,Full-time,Fresher,true,B.E / B.Tech,AI / Machine Learning; Testing / QA; Data Analysis; Tally; Accounting; Sales; Digital Marketing; Customer Support,INR 35000 - 55000 per month,,,,https://apna.co/job/bengaluru-bangalore-region/two-wheeler-riders-521049925,apna.co,job_portal,2026-10-08T19:24:12.992Z,true,live,200,2026-10-08T19:24:58.421Z
3d9c258fc842,Two Wheeler Riders,Big Basket,Puducherry,Tamil Nadu,Other,Full-time,Fresher,true,B.E / B.Tech,AI / Machine Learning; Testing / QA; Data Analysis; Accounting; Sales; Digital Marketing; Customer Support; Teaching,INR 35000 - 55000 per month,,,,https://apna.co/job/bengaluru-bangalore-region/two-wheeler-riders-985829815,apna.co,job_portal,2026-10-08T19:24:12.992Z,true,live,200,2026-10-08T19:25:01.478Z
0465eec9bbc0,AI / ML and Generative AI research assistant,Robert Bosch India,Coimbatore,Tamil Nadu,Software,Full-time,Associate,false,M.E / M.Tech,AI / Machine Learning,RS22,,2026-10-08,,https://jobs.smartrecruiters.com/BoschGroup/744000154347015,bosch.in,company,2026-10-08T19:23:12.319Z,true,live,200,2026-10-08T19:25:37.908Z
173e57610d66,C# & Database Engineer,Robert Bosch India,Coimbatore,Tamil Nadu,Software,Full-time,Associate,false,B.E / B.Tech,Python; SQL; Azure; Testing / QA; Data Analysis,RS22,,2026-10-08,,https://jobs.smartrecruiters.com/BoschGroup/744000154402028,bosch.in,company,2026-10-08T19:23:12.319Z,true,live,200,2026-10-08T19:25:32.997Z
ec94a454b4a3,Java Full Stack Developer,Robert Bosch India,Coimbatore,Tamil Nadu,Software,Full-time,Associate,false,B.E / B.Tech,Java; Full Stack,RS22,,2026-10-08,,https://jobs.smartrecruiters.com/BoschGroup/744000154402778,bosch.in,company,2026-10-08T19:23:12.319Z,true,live,200,2026-10-08T19:25:27.057Z
dd88f7211eb7,Java Full Stack Developer,Robert Bosch India,Coimbatore,Tamil Nadu,Software,Full-time,Associate,false,B.E / B.Tech,Java; Full Stack,RS22,,2026-10-08,,https://jobs.smartrecruiters.com/BoschGroup/744000154402258,bosch.in,company,2026-10-08T19:23:12.319Z,true,live,200,2026-10-08T19:25:29.976Z
5d85a29d07e5,Vehicle Diagnostic Engineer,Robert Bosch India,Coimbatore,Tamil Nadu,Software,Full-time,Associate,false,B.E / B.Tech,Java; Python; AI / Machine Learning; Testing / QA,RS22,,2026-10-08,,https://jobs.smartrecruiters.com/BoschGroup/744000154398529,bosch.in,company,2026-10-08T19:23:12.319Z,true,live,200,2026-10-08T19:25:35.405Z
2ef99de8f62b,Vehicle Diagnostics Engineer,Robert Bosch India,Coimbatore,Tamil Nadu,Software,Full-time,Associate,false,B.E / B.Tech,Python; SQL; AI / Machine Learning; Testing / QA,RS22,,2026-10-08,,https://jobs.smartrecruiters.com/BoschGroup/744000154404398,bosch.in,company,2026-10-08T19:23:12.319Z,true,live,200,2026-10-08T19:25:24.841Z
f80356eef00d,C# & Database Engineer,Robert Bosch India,Coimbatore,Tamil Nadu,Software,Full-time,Associate,false,B.E / B.Tech,Python; SQL; Azure; Testing / QA; Data Analysis,RS22,,2026-10-07,,https://jobs.smartrecruiters.com/BoschGroup/744000154171608,bosch.in,company,2026-10-08T19:23:12.320Z,true,live,200,2026-10-08T19:25:42.403Z
057b2186012b,Vehicle Diagnostics Engineer,Robert Bosch India,Coimbatore,Tamil Nadu,Software,Full-time,Associate,false,B.E / B.Tech,Python; SQL; AI / Machine Learning; Testing / QA,RS22,,2026-10-07,,https://jobs.smartrecruiters.com/BoschGroup/744000154171949,bosch.in,company,2026-10-08T19:23:12.319Z,true,live,200,2026-10-08T19:25:40.091Z
edbaea24378c,VM Brakes - Project manager [Indian OEM],Robert Bosch India,Coimbatore,Tamil Nadu,Software,Full-time,Mid-Senior Level,false,Any Graduate,Testing / QA,,,2026-10-07,,https://jobs.smartrecruiters.com/BoschGroup/744000154064803,bosch.in,company,2026-10-08T19:23:12.320Z,true,live,200,2026-10-08T19:25:45.298Z
0e032908b0d0,*Associate - Project Management support,Robert Bosch India,Coimbatore,Tamil Nadu,Software,Full-time,Associate,false,Any Graduate,Azure; Excel,,,2026-10-06,,https://jobs.smartrecruiters.com/BoschGroup/744000153663179,bosch.in,company,2026-10-08T19:23:12.320Z,true,live,200,2026-10-08T19:25:52.547Z
254ae878b677,Application SW Developer (Model-based) for Steering Platform,Robert Bosch India,Coimbatore,Tamil Nadu,Software,Full-time,Associate,false,B.E / B.Tech,,,,2026-10-06,,https://jobs.smartrecruiters.com/BoschGroup/744000153732448,bosch.in,company,2026-10-08T19:23:12.320Z,true,live,200,2026-10-08T19:25:48.090Z
c29fbcde4925,Workload Automation Consultant,Robert Bosch India,Coimbatore,Tamil Nadu,Software,Full-time,Mid-Senior Level,false,B.E / B.Tech,JavaScript; Python; Azure; REST API; AI / Machine Learning; Backend,,,2026-10-06,,https://jobs.smartrecruiters.com/BoschGroup/744000153676839,bosch.in,company,2026-10-08T19:23:12.320Z,true,live,200,2026-10-08T19:25:50.321Z
1118eef26bb8,Data Consultant - Logistics,Robert Bosch India,Coimbatore,Tamil Nadu,Software,Full-time,Associate,false,B.E / B.Tech,SQL,RS23,,2026-10-05,,https://jobs.smartrecruiters.com/BoschGroup/744000153401069,bosch.in,company,2026-10-08T19:23:12.320Z,true,live,200,2026-10-08T19:26:03.298Z
46124baad79f,Flash Boot Loader_Software_Engineer,Robert Bosch India,Coimbatore,Tamil Nadu,Software,Full-time,Mid-Senior Level,false,B.E / B.Tech,Java; Angular; Full Stack; Testing / QA,RS22,,2026-10-05,,https://jobs.smartrecruiters.com/BoschGroup/744000153495314,bosch.in,company,2026-10-08T19:23:12.320Z,true,live,200,2026-10-08T19:25:54.726Z
ca955fb695fb,IN_ RBIN_ Process Planner_ Senior Engineer / Assistant Manager_ GanP/MOE3,Robert Bosch India,Tamil Nadu,Tamil Nadu,Engineering & Manufacturing,Full-time,Fresher,true,B.E / B.Tech,Testing / QA; Data Analysis; Sales,"Rs. 26,827",,2026-10-05,,https://jobs.smartrecruiters.com/BoschGroup/744000153404949,bosch.in,company,2026-10-08T19:23:12.320Z,true,live,200,2026-10-08T19:25:59.868Z
f5da7a92376b,SO_Solution Architect_System & Integration Architecture Expert,Robert Bosch India,Coimbatore,Tamil Nadu,Software,Full-time,Mid-Senior Level,false,,Java; AWS; Azure; Full Stack; AI / Machine Learning; Testing / QA; Cloud Computing,rs. 4.,,2026-10-05,,https://jobs.smartrecruiters.com/BoschGroup/744000153415531,bosch.in,company,2026-10-08T19:23:12.320Z,true,live,200,2026-10-08T19:25:57.651Z
43d9d6ec26cd,ECU PjM,Robert Bosch India,Coimbatore,Tamil Nadu,Software,Full-time,Associate,false,B.E / B.Tech,Sales,RS22,,2026-10-04,,https://jobs.smartrecruiters.com/BoschGroup/744000153372828,bosch.in,company,2026-10-08T19:23:12.320Z,true,live,200,2026-10-08T19:26:06.533Z
97808c4bf4da,Embedded Developer Functional Safety,Robert Bosch India,Coimbatore,Tamil Nadu,Software,Full-time,Associate,false,B.E / B.Tech,Testing / QA,RS22,,2026-10-04,,https://jobs.smartrecruiters.com/BoschGroup/744000153372798,bosch.in,company,2026-10-08T19:23:12.320Z,true,live,200,2026-10-08T19:26:09.587Z
1f4b7c6cdcb9,SPJM/ ECUPJM for APT and AAS PDCL,Robert Bosch India,Coimbatore,Tamil Nadu,Software,Full-time,Associate,false,B.E / B.Tech,,RS22,,2026-10-04,,https://jobs.smartrecruiters.com/BoschGroup/744000153372748,bosch.in,company,2026-10-08T19:23:12.320Z,true,live,200,2026-10-08T19:26:11.808Z
d436febdc522,Data Scientist,IFF,Tamil Nadu,Tamil Nadu,Data & Analytics,,Fresher,true,B.E / B.Tech,Python; SQL; AI / Machine Learning; Testing / QA; Data Analysis; Sales,"₹1,200,000 - ₹1,400,000",,2026-09-28,,https://in.linkedin.com/jobs/view/data-scientist-at-iff-4472739616,linkedin.com,job_portal,2026-10-08T19:24:33.652Z,true,live,200,2026-10-08T19:25:06.537Z
fa893b931767,Data Entry Officer,Avery Dennison,Coimbatore,Tamil Nadu,Engineering & Manufacturing,Full-time,Fresher,true,B.E / B.Tech,Data Entry,,,2026-09-24,,https://jobs.smartrecruiters.com/AveryDennison/744000151589439,averydennison.com,company,2026-10-08T19:23:14.881Z,true,live,200,2026-10-08T19:26:14.798Z
600bf2a261ee,Shift Supervisor,Avery Dennison,Coimbatore,Tamil Nadu,Other,Full-time,Executive,false,B.E / B.Tech,Sales,,,2026-09-09,,https://jobs.smartrecruiters.com/AveryDennison/744000148425189,averydennison.com,company,2026-10-08T19:23:14.881Z,true,live,200,2026-10-08T19:26:17.882Z
50b98d097617,Applications are invited for the post of Counsellor and Case Worker in Child Helpline 1098 at DCPU on Contract Basis,Government of Tamil Nadu,Tirunelveli,Tamil Nadu,Government,Contract,,false,Graduate / As per notification,,,,,,https://cdn.s3waas.gov.in/s36a9aeddfc689c1d0e3b9ccc3ab651bc5/uploads/2026/10/17914403181629.pdf,tirunelveli.nic.in,government,2026-10-08T19:21:56.598Z,true,live_document,200,2026-10-08T19:24:56.475Z
82af1dc2b051,"Applications are invited for the posts of 1)Assistant cum Bench Clerk, 2)Junior Assistant cum Bench Clerk, 3)Office Assistant in Juvenile Justice Board, Tirunelveli on…",Government of Tamil Nadu,Tirunelveli,Tamil Nadu,Government,,,false,Graduate / As per notification,,,,,,https://cdn.s3waas.gov.in/s36a9aeddfc689c1d0e3b9ccc3ab651bc5/uploads/2026/09/17910107662469.pdf,tirunelveli.nic.in,government,2026-10-08T19:21:56.599Z,true,live_document,200,2026-10-08T19:25:00.765Z
73b107173b2c,"Applications are invited for the vacant Jeep Driver post in the Usilampatti Panchayat Union, Madurai District",Government of Tamil Nadu,Madurai,Tamil Nadu,Government,,,false,Graduate / As per notification,,,,,,https://cdn.s3waas.gov.in/s3f5f8590cd58a54e94377e6ae2eded4d9/uploads/2026/09/17890384108691.pdf,madurai.nic.in,government,2026-10-08T19:21:49.253Z,true,live_document,200,2026-10-08T19:24:39.539Z
07ff8acf7687,"Applications are invited for the vacant Office Assistant post in the T. Kallupatti Panchayat Union, Madurai District.",Government of Tamil Nadu,Madurai,Tamil Nadu,Government,,,false,Graduate / As per notification,,,,,,https://cdn.s3waas.gov.in/s3f5f8590cd58a54e94377e6ae2eded4d9/uploads/2026/09/17899636658087.pdf,madurai.nic.in,government,2026-10-08T19:21:49.255Z,true,live_document,200,2026-10-08T19:24:48.391Z
793138ea8323,"Applications are invited for the vacant Office Assistant post in the Thirumangalam Panchayat Union, Madurai District",Government of Tamil Nadu,Madurai,Tamil Nadu,Government,,,false,Graduate / As per notification,,,,,,https://cdn.s3waas.gov.in/s3f5f8590cd58a54e94377e6ae2eded4d9/uploads/2026/09/17897132888349.pdf,madurai.nic.in,government,2026-10-08T19:21:49.255Z,true,live_document,200,2026-10-08T19:24:42.303Z
f3961b21da65,"Applications are invited for the vacant post of Record Clerk in the Alanganallur Panchayat Union, Madurai District",Government of Tamil Nadu,Madurai,Tamil Nadu,Government,,,false,Graduate / As per notification,,,,,,https://cdn.s3waas.gov.in/s3f5f8590cd58a54e94377e6ae2eded4d9/uploads/2026/09/17890381633073.pdf,madurai.nic.in,government,2026-10-08T19:21:49.255Z,true,live_document,200,2026-10-08T19:24:40.047Z
b7720863d569,"District Child Protection Unit, Salem District – Applications are invited for Assistant-cum-Bench Clerk, Junior Assistant-cum-Bench Clerk and Office Assistant Posts on contract…",Government of Tamil Nadu,Salem,Tamil Nadu,Government,Contract,,false,Graduate / As per notification,,,,,,https://cdn.s3waas.gov.in/s3c81e728d9d4c2f636f067f89cc14862c/uploads/2026/09/17905696356819.pdf,salem.nic.in,government,2026-10-08T19:21:52.828Z,true,live_document,200,2026-10-08T19:24:53.641Z
0f2b4cd8c90a,Staff Nurse Recruitment – List of Selected Candidates,Government of Tamil Nadu,Coimbatore,Tamil Nadu,Government,,,false,Graduate / As per notification,Nursing,,,,,https://cdn.s3waas.gov.in/s3d9fc5b73a8d78fad3d6dffe419384e70/uploads/2026/10/17912174187945.pdf,coimbatore.nic.in,government,2026-10-08T19:22:00.338Z,true,live_document,200,2026-10-08T19:25:08.268Z
